<?xml version = '1.0' encoding = 'UTF-8'?>
<Relation class="oracle.dbtools.crest.model.design.logical.Relation" name="Order Product FK" directorySegmentName="seg_0" id="B17963B4-0E58-0F6D-6082-36BA79F4F179">
<createdBy>alext</createdBy>
<createdTime>2022-04-14 13:04:40 UTC</createdTime>
<ownerDesignName>MultiDim</ownerDesignName>
<engineerTo>
<item key="BBD84BF2-C673-D383-11E3-185EC28547A3" value="true"/>
</engineerTo>
<sourcePk>85574645-967D-DFCB-3047-BA1E8B5A9236</sourcePk>
<targetPk>D46BE33E-91B6-DB9F-5B46-CA518ACEA616</targetPk>
<identifying>false</identifying>
<optionalSource>false</optionalSource>
<optionalTarget>false</optionalTarget>
<sourceCardinality>1</sourceCardinality>
<sourceEntity>C803A1DE-B5F5-D593-9036-36C30B1684F3</sourceEntity>
<targetCardinalityString>1</targetCardinalityString>
<targetEntity>749ACD16-51D9-2604-3C7D-1D18D8E8065C</targetEntity>
<transferable>true</transferable>
<deleteRule>NO ACTION</deleteRule>
</Relation>
