<?xml version = '1.0' encoding = 'UTF-8'?>
<Level class="oracle.dbtools.crest.model.design.multidimensional.Level" name="Product" directorySegmentName="seg_0" id="8B55D9BA-AD06-0941-C86E-30957A0BE289">
<createdBy>maxim</createdBy>
<createdTime>2022-06-09 02:49:25 UTC</createdTime>
<ownerDesignName>MultiDim</ownerDesignName>
<nameInOracleAW>PRODUCT</nameInOracleAW>
<levelEntity>749ACD16-51D9-2604-3C7D-1D18D8E8065C</levelEntity>
<rootIdentification>ParentIsBlankSelfOrMissing</rootIdentification>
<valueBasedHierarchy>false</valueBasedHierarchy>
<oraAWAttributes class="oracle.dbtools.crest.model.design.multidimensional.Level$OraAWAttributes">
</oraAWAttributes>
<levelKey>
<attribute>818A0DBE-951C-FA37-D175-0869BEE2982C</attribute>
</levelKey>
<descriptiveAttributes>
<descrAttribute class="oracle.dbtools.crest.model.design.multidimensional.SlowChangingAttribute" name="name" id="618FD1C9-CEC5-60CE-AFE0-75DBB8E1183D">
<createdBy>maxim</createdBy>
<createdTime>2022-06-09 03:14:32 UTC</createdTime>
<ownerDesignName>MultiDim</ownerDesignName>
<attribute>9B59B01A-6C21-E1E8-588B-D5AD7D295CEE</attribute>
<classification>USER</classification>
<indexed>false</indexed>
<type>NONE</type>
</descrAttribute>
</descriptiveAttributes>
</Level>
