<?xml version = '1.0' encoding = 'UTF-8'?>
<TableProxyOraclev11g class="oracle.dbtools.crest.model.design.storage.oracle.v11g.TableProxyOraclev11g" name="Warehouse" directorySegmentName="seg_0" id="4026D6AA-1C7C-2D03-1ADD-935343F5E241">
<createdBy>maxim</createdBy>
<createdTime>2022-05-13 03:04:17 UTC</createdTime>
<ownerDesignName>MultiDim</ownerDesignName>
<logging>YES</logging>
<partitionedRowMovement>DISABLE</partitionedRowMovement>
<temporaryChanged>false</temporaryChanged>
<accessDriverType>oracle_loader</accessDriverType>
<rejectLimit></rejectLimit>
<columnProxies itemClass="oracle.dbtools.crest.model.design.storage.oracle.v12c.ColumnProxyOraclev12c">
<ColumnProxy name="count" id="1D0F7CED-E641-F59E-1FAD-63C7D5B3B2AA">
<createdBy>maxim</createdBy>
<createdTime>2022-05-13 03:04:17 UTC</createdTime>
<ownerDesignName>MultiDim</ownerDesignName>
</ColumnProxy>
<ColumnProxy name="Order_id" id="34B7E5AC-2759-2761-8C68-21532C90C8BC">
<createdBy>maxim</createdBy>
<createdTime>2022-05-13 03:04:17 UTC</createdTime>
<ownerDesignName>MultiDim</ownerDesignName>
</ColumnProxy>
<ColumnProxy name="id" id="74C10C6E-62A8-838E-EF80-5A748AD4C3F5">
<createdBy>maxim</createdBy>
<createdTime>2022-05-13 03:04:17 UTC</createdTime>
<ownerDesignName>MultiDim</ownerDesignName>
</ColumnProxy>
<ColumnProxy name="Product_code" id="A7CAB13D-92CF-09A9-E4CE-A0444742E3B9">
<createdBy>maxim</createdBy>
<createdTime>2022-05-13 03:04:17 UTC</createdTime>
<ownerDesignName>MultiDim</ownerDesignName>
</ColumnProxy>
</columnProxies>
<indexProxies>
<IndexProxy class="oracle.dbtools.crest.model.design.storage.oracle.v10g.IndexProxyOraclev10g" name="Warehouse__IDX" id="0CC156C7-0C84-A3CC-E93F-E1BD95E78DB6">
<createdBy>maxim</createdBy>
<createdTime>2022-05-13 03:04:17 UTC</createdTime>
<ownerDesignName>MultiDim</ownerDesignName>
</IndexProxy>
</indexProxies>
<foreignKeys>
<ForeignKey class="oracle.dbtools.crest.model.design.storage.oracle.v10g.FKProxyOraclev10g" name="Warehouse_Order_FK" id="2B6E0D17-DC8D-EA2C-390E-636604484020">
<createdBy>maxim</createdBy>
<createdTime>2022-05-13 03:04:17 UTC</createdTime>
<ownerDesignName>MultiDim</ownerDesignName>
</ForeignKey>
</foreignKeys>
<primaryKeys>
<PrimaryKey class="oracle.dbtools.crest.model.design.storage.oracle.v10g.PKProxyOraclev10g" name="Warehouse_PK" id="7D0AE0DA-F3DB-BC65-4220-1707F4569A1C">
<createdBy>maxim</createdBy>
<createdTime>2022-05-13 03:04:17 UTC</createdTime>
<ownerDesignName>MultiDim</ownerDesignName>
<indexSort>SORTED</indexSort>
</PrimaryKey>
</primaryKeys>
</TableProxyOraclev11g>
