<?xml version = '1.0' encoding = 'UTF-8'?>
<TableProxyOraclev11g class="oracle.dbtools.crest.model.design.storage.oracle.v11g.TableProxyOraclev11g" name="t_Journal" directorySegmentName="seg_0" id="4455E5FD-A8C6-A71E-A3A8-1E10A4B6433F">
<createdBy>maxim</createdBy>
<createdTime>2022-05-13 03:04:17 UTC</createdTime>
<ownerDesignName>MultiDim</ownerDesignName>
<logging>YES</logging>
<partitionedRowMovement>DISABLE</partitionedRowMovement>
<temporaryChanged>false</temporaryChanged>
<accessDriverType>oracle_loader</accessDriverType>
<rejectLimit></rejectLimit>
<columnProxies itemClass="oracle.dbtools.crest.model.design.storage.oracle.v12c.ColumnProxyOraclev12c">
<ColumnProxy name="name" id="0E5365C9-B50C-4C2B-66AA-5A8FC4A8BF2E">
<createdBy>maxim</createdBy>
<createdTime>2022-05-13 03:04:17 UTC</createdTime>
<ownerDesignName>MultiDim</ownerDesignName>
</ColumnProxy>
<ColumnProxy name="change_count" id="2618DF4C-220D-F67E-9D98-D695B19671FD">
<createdBy>maxim</createdBy>
<createdTime>2022-05-13 03:04:17 UTC</createdTime>
<ownerDesignName>MultiDim</ownerDesignName>
</ColumnProxy>
<ColumnProxy name="time" id="4530E3D0-3E86-CFF6-DD08-08352A62FF9C">
<createdBy>maxim</createdBy>
<createdTime>2022-05-13 03:04:17 UTC</createdTime>
<ownerDesignName>MultiDim</ownerDesignName>
</ColumnProxy>
<ColumnProxy name="Warehouse_id" id="9CA8F74E-1612-9EEA-155A-550B8F3CA5D6">
<createdBy>maxim</createdBy>
<createdTime>2022-05-13 03:04:17 UTC</createdTime>
<ownerDesignName>MultiDim</ownerDesignName>
</ColumnProxy>
</columnProxies>
<foreignKeys>
<ForeignKey class="oracle.dbtools.crest.model.design.storage.oracle.v10g.FKProxyOraclev10g" name="t_Journal_Warehouse_FK" id="129308F4-EB70-113F-1C0B-34DD70AF033C">
<createdBy>maxim</createdBy>
<createdTime>2022-05-13 03:04:17 UTC</createdTime>
<ownerDesignName>MultiDim</ownerDesignName>
</ForeignKey>
</foreignKeys>
</TableProxyOraclev11g>
