<?xml version = '1.0' encoding = 'UTF-8'?>
<TableProxyOraclev11g class="oracle.dbtools.crest.model.design.storage.oracle.v11g.TableProxyOraclev11g" name="t_Sale" directorySegmentName="seg_0" id="F5FF8A5B-6C99-96D3-60F1-F34557CD6BE9">
<createdBy>maxim</createdBy>
<createdTime>2022-05-13 03:04:17 UTC</createdTime>
<ownerDesignName>MultiDim</ownerDesignName>
<logging>YES</logging>
<partitionedRowMovement>DISABLE</partitionedRowMovement>
<temporaryChanged>false</temporaryChanged>
<accessDriverType>oracle_loader</accessDriverType>
<rejectLimit></rejectLimit>
<columnProxies itemClass="oracle.dbtools.crest.model.design.storage.oracle.v12c.ColumnProxyOraclev12c">
<ColumnProxy name="Sale_id" id="1A64001E-AB8E-A711-C1E9-FE1B54CA0B28">
<createdBy>maxim</createdBy>
<createdTime>2022-05-13 03:04:17 UTC</createdTime>
<ownerDesignName>MultiDim</ownerDesignName>
</ColumnProxy>
<ColumnProxy name="time" id="D3870366-E973-B49E-C6F7-A34BB7267C34">
<createdBy>maxim</createdBy>
<createdTime>2022-05-13 03:04:17 UTC</createdTime>
<ownerDesignName>MultiDim</ownerDesignName>
</ColumnProxy>
</columnProxies>
<foreignKeys>
<ForeignKey class="oracle.dbtools.crest.model.design.storage.oracle.v10g.FKProxyOraclev10g" name="t_Sale_Sale_FK" id="444DFBC5-36AD-E00A-95C6-228D6497010C">
<createdBy>maxim</createdBy>
<createdTime>2022-05-13 03:04:17 UTC</createdTime>
<ownerDesignName>MultiDim</ownerDesignName>
</ForeignKey>
</foreignKeys>
</TableProxyOraclev11g>
