<?xml version = '1.0' encoding = 'UTF-8'?>
<Entity class="oracle.dbtools.crest.model.design.logical.Entity" directorySegmentName="seg_0" id="065AD02A-D209-483E-F2B3-158978E850FB" name="Vendor">
<createdBy>alext</createdBy>
<createdTime>2022-04-14 12:57:38 UTC</createdTime>
<ownerDesignName>MultiDim</ownerDesignName>
<engineerTo>
<item key="BBD84BF2-C673-D383-11E3-185EC28547A3" value="true"/>
</engineerTo>
<typeID>2</typeID>
<adequatelyNormalized>NO</adequatelyNormalized>
<expectedVolumes>0</expectedVolumes>
<fwdEngineeringStrategyName>Single Table</fwdEngineeringStrategyName>
<growthPercent>0</growthPercent>
<growthType>Year</growthType>
<maxVolumes>9999999</maxVolumes>
<minVolumes>0</minVolumes>
<normalForm>Third</normalForm>
<attributes itemClass="oracle.dbtools.crest.model.design.logical.Attribute">
<Attribute name="id" id="FC7E1532-4F79-09EB-BE2C-F8E9D6D532C2">
<createdBy>alext</createdBy>
<createdTime>2022-04-14 12:58:18 UTC</createdTime>
<ownerDesignName>MultiDim</ownerDesignName>
<engineerTo>
<item key="BBD84BF2-C673-D383-11E3-185EC28547A3" value="true"/>
</engineerTo>
<use>0</use>
<ownDataTypeParameters>,,</ownDataTypeParameters>
</Attribute>
<Attribute name="name" id="D05F245A-1190-0C5C-12CF-92EE09ABF6B9">
<createdBy>alext</createdBy>
<createdTime>2022-04-14 12:58:30 UTC</createdTime>
<ownerDesignName>MultiDim</ownerDesignName>
<engineerTo>
<item key="BBD84BF2-C673-D383-11E3-185EC28547A3" value="true"/>
</engineerTo>
<nullsAllowed>true</nullsAllowed>
<use>0</use>
<ownDataTypeParameters>,,</ownDataTypeParameters>
</Attribute>
<Attribute name="address" id="0CC1F16F-052F-8CD1-6A4C-C1F0F4D48885">
<createdBy>alext</createdBy>
<createdTime>2022-04-14 12:58:40 UTC</createdTime>
<ownerDesignName>MultiDim</ownerDesignName>
<engineerTo>
<item key="BBD84BF2-C673-D383-11E3-185EC28547A3" value="true"/>
</engineerTo>
<nullsAllowed>true</nullsAllowed>
<use>0</use>
<ownDataTypeParameters>,,</ownDataTypeParameters>
</Attribute>
<Attribute name="phone" id="26407DAD-CAF6-C883-DD95-353413B6BF65">
<createdBy>alext</createdBy>
<createdTime>2022-04-14 12:58:50 UTC</createdTime>
<ownerDesignName>MultiDim</ownerDesignName>
<engineerTo>
<item key="BBD84BF2-C673-D383-11E3-185EC28547A3" value="true"/>
</engineerTo>
<nullsAllowed>true</nullsAllowed>
<use>0</use>
<ownDataTypeParameters>,,</ownDataTypeParameters>
</Attribute>
</attributes>
<identifiers itemClass="oracle.dbtools.crest.model.design.logical.CandidateKey">
<identifier id="D1CF71DF-9017-4FAA-2ACA-4C1413128804" name="Vendor PK">
<createdBy>alext</createdBy>
<createdTime>2022-04-14 12:58:29 UTC</createdTime>
<ownerDesignName>MultiDim</ownerDesignName>
<shouldEngineer>false</shouldEngineer>
<engineerTo>
<item key="BBD84BF2-C673-D383-11E3-185EC28547A3" value="false"/>
</engineerTo>
<pk>true</pk>
<usedAttributes>
<attributeRef>FC7E1532-4F79-09EB-BE2C-F8E9D6D532C2</attributeRef>
</usedAttributes>
</identifier>
</identifiers>
</Entity>
