<?xml version = '1.0' encoding = 'UTF-8'?>
<Entity class="oracle.dbtools.crest.model.design.logical.Entity" directorySegmentName="seg_0" id="749ACD16-51D9-2604-3C7D-1D18D8E8065C" name="Product">
<createdBy>alext</createdBy>
<createdTime>2022-04-14 12:53:54 UTC</createdTime>
<ownerDesignName>MultiDim</ownerDesignName>
<engineerTo>
<item key="BBD84BF2-C673-D383-11E3-185EC28547A3" value="true"/>
</engineerTo>
<typeID>2</typeID>
<adequatelyNormalized>NO</adequatelyNormalized>
<expectedVolumes>0</expectedVolumes>
<fwdEngineeringStrategyName>Single Table</fwdEngineeringStrategyName>
<growthPercent>0</growthPercent>
<growthType>Year</growthType>
<maxVolumes>9999999</maxVolumes>
<minVolumes>0</minVolumes>
<normalForm>Third</normalForm>
<attributes itemClass="oracle.dbtools.crest.model.design.logical.Attribute">
<Attribute name="code" id="818A0DBE-951C-FA37-D175-0869BEE2982C">
<createdBy>alext</createdBy>
<createdTime>2022-04-14 12:54:09 UTC</createdTime>
<ownerDesignName>MultiDim</ownerDesignName>
<engineerTo>
<item key="BBD84BF2-C673-D383-11E3-185EC28547A3" value="true"/>
</engineerTo>
<use>0</use>
<ownDataTypeParameters>,,</ownDataTypeParameters>
</Attribute>
<Attribute name="name" id="9B59B01A-6C21-E1E8-588B-D5AD7D295CEE">
<createdBy>alext</createdBy>
<createdTime>2022-04-14 12:54:13 UTC</createdTime>
<ownerDesignName>MultiDim</ownerDesignName>
<engineerTo>
<item key="BBD84BF2-C673-D383-11E3-185EC28547A3" value="true"/>
</engineerTo>
<nullsAllowed>true</nullsAllowed>
<use>0</use>
<ownDataTypeParameters>,,</ownDataTypeParameters>
</Attribute>
<Attribute name="Vendor id" id="D51AB005-6914-C32E-6E59-72FB2BA7DA87">
<createdBy>alext</createdBy>
<createdTime>2022-04-14 14:05:45 UTC</createdTime>
<generatorID>B6637387-F3E2-8EF9-2606-56FA208D2699</generatorID>
<ownerDesignName>MultiDim</ownerDesignName>
<engineerTo>
<item key="BBD84BF2-C673-D383-11E3-185EC28547A3" value="true"/>
</engineerTo>
<referedAttribute>FC7E1532-4F79-09EB-BE2C-F8E9D6D532C2</referedAttribute>
<use>0</use>
<ownDataTypeParameters>,,</ownDataTypeParameters>
</Attribute>
<Attribute name="id" id="8FF83934-7C98-BE47-6D38-FB4A6EF37DC4">
<createdBy>maxim</createdBy>
<createdTime>2022-05-13 02:21:24 UTC</createdTime>
<generatorID>EC7EA5E4-9FCC-660F-A7D2-1413135B3D77</generatorID>
<ownerDesignName>MultiDim</ownerDesignName>
<engineerTo>
<item key="BBD84BF2-C673-D383-11E3-185EC28547A3" value="true"/>
</engineerTo>
<referedAttribute>FEEC557E-A590-6A8E-0A45-14F83C2C0DF3</referedAttribute>
<use>0</use>
<ownDataTypeParameters>,,</ownDataTypeParameters>
</Attribute>
<Attribute name="id2" id="2FEB60EC-E4C4-83DC-E89E-EC70347AB716">
<createdBy>maxim</createdBy>
<createdTime>2022-05-13 02:22:39 UTC</createdTime>
<generatorID>B17963B4-0E58-0F6D-6082-36BA79F4F179</generatorID>
<ownerDesignName>MultiDim</ownerDesignName>
<engineerTo>
<item key="BBD84BF2-C673-D383-11E3-185EC28547A3" value="true"/>
</engineerTo>
<referedAttribute>E177D3A0-9025-CC26-8D4F-9728FD5F9410</referedAttribute>
<useDomainConstraints>false</useDomainConstraints>
<use>1</use>
<logicalDatatype>LOGDT011</logicalDatatype>
<ownDataTypeParameters>,,</ownDataTypeParameters>
</Attribute>
<Attribute name="id1" id="8822D727-8B3F-669E-09D3-8BE1ADA0F771">
<createdBy>maxim</createdBy>
<createdTime>2022-05-13 02:26:00 UTC</createdTime>
<generatorID>205DC343-FD92-F57B-6DD8-79B2A4592C8C</generatorID>
<ownerDesignName>MultiDim</ownerDesignName>
<engineerTo>
<item key="BBD84BF2-C673-D383-11E3-185EC28547A3" value="true"/>
</engineerTo>
<referedAttribute>FEEAD527-8AE6-8D52-30A0-BCB9E30F54AA</referedAttribute>
<useDomainConstraints>false</useDomainConstraints>
<use>1</use>
<logicalDatatype>LOGDT011</logicalDatatype>
<ownDataTypeParameters>,,</ownDataTypeParameters>
</Attribute>
</attributes>
<identifiers itemClass="oracle.dbtools.crest.model.design.logical.CandidateKey">
<identifier id="D46BE33E-91B6-DB9F-5B46-CA518ACEA616" name="Product PK">
<createdBy>alext</createdBy>
<createdTime>2022-04-14 12:54:12 UTC</createdTime>
<ownerDesignName>MultiDim</ownerDesignName>
<shouldEngineer>false</shouldEngineer>
<engineerTo>
<item key="BBD84BF2-C673-D383-11E3-185EC28547A3" value="false"/>
</engineerTo>
<pk>true</pk>
<usedAttributes>
<attributeRef>818A0DBE-951C-FA37-D175-0869BEE2982C</attributeRef>
</usedAttributes>
</identifier>
</identifiers>
</Entity>
