<?xml version = '1.0' encoding = 'UTF-8'?>
<Entity class="oracle.dbtools.crest.model.design.logical.Entity" directorySegmentName="seg_0" id="C803A1DE-B5F5-D593-9036-36C30B1684F3" name="Order">
<createdBy>alext</createdBy>
<createdTime>2022-04-14 13:03:24 UTC</createdTime>
<ownerDesignName>MultiDim</ownerDesignName>
<engineerTo>
<item key="BBD84BF2-C673-D383-11E3-185EC28547A3" value="true"/>
</engineerTo>
<typeID>2</typeID>
<adequatelyNormalized>NO</adequatelyNormalized>
<expectedVolumes>0</expectedVolumes>
<fwdEngineeringStrategyName>Single Table</fwdEngineeringStrategyName>
<growthPercent>0</growthPercent>
<growthType>Year</growthType>
<maxVolumes>9999999</maxVolumes>
<minVolumes>0</minVolumes>
<normalForm>Third</normalForm>
<attributes itemClass="oracle.dbtools.crest.model.design.logical.Attribute">
<Attribute name="id" id="E177D3A0-9025-CC26-8D4F-9728FD5F9410">
<createdBy>alext</createdBy>
<createdTime>2022-04-14 13:03:28 UTC</createdTime>
<ownerDesignName>MultiDim</ownerDesignName>
<engineerTo>
<item key="BBD84BF2-C673-D383-11E3-185EC28547A3" value="true"/>
</engineerTo>
<useDomainConstraints>false</useDomainConstraints>
<use>1</use>
<logicalDatatype>LOGDT011</logicalDatatype>
<ownDataTypeParameters>,,</ownDataTypeParameters>
</Attribute>
<Attribute name="Product code" id="14555240-F8B8-CA28-57DC-404DDE525AE7">
<createdBy>alext</createdBy>
<createdTime>2022-04-14 13:48:17 UTC</createdTime>
<generatorID>B17963B4-0E58-0F6D-6082-36BA79F4F179</generatorID>
<ownerDesignName>MultiDim</ownerDesignName>
<engineerTo>
<item key="BBD84BF2-C673-D383-11E3-185EC28547A3" value="true"/>
</engineerTo>
<referedAttribute>818A0DBE-951C-FA37-D175-0869BEE2982C</referedAttribute>
<use>0</use>
<ownDataTypeParameters>,,</ownDataTypeParameters>
</Attribute>
<Attribute name="Warehouse id" id="2D8799EA-92DD-8D06-4912-99EBC09EA766">
<createdBy>alext</createdBy>
<createdTime>2022-04-14 14:02:32 UTC</createdTime>
<generatorID>F4DE0E6A-7E7E-F157-800B-3CC3456AD228</generatorID>
<ownerDesignName>MultiDim</ownerDesignName>
<engineerTo>
<item key="BBD84BF2-C673-D383-11E3-185EC28547A3" value="true"/>
</engineerTo>
<referedAttribute>FEEAD527-8AE6-8D52-30A0-BCB9E30F54AA</referedAttribute>
<useDomainConstraints>false</useDomainConstraints>
<use>1</use>
<logicalDatatype>LOGDT011</logicalDatatype>
<ownDataTypeParameters>,,</ownDataTypeParameters>
</Attribute>
<Attribute name="count" id="BE6C34C9-4182-5648-A3F7-3FD044044A27">
<createdBy>user372-4</createdBy>
<createdTime>2022-04-15 05:44:19 UTC</createdTime>
<ownerDesignName>MultiDim</ownerDesignName>
<engineerTo>
<item key="BBD84BF2-C673-D383-11E3-185EC28547A3" value="true"/>
</engineerTo>
<nullsAllowed>true</nullsAllowed>
<use>0</use>
<ownDataTypeParameters>,,</ownDataTypeParameters>
</Attribute>
<Attribute name="cost" id="C48D2E18-79D0-5041-3D14-26A73422DA53">
<createdBy>user372-4</createdBy>
<createdTime>2022-04-15 05:44:32 UTC</createdTime>
<ownerDesignName>MultiDim</ownerDesignName>
<engineerTo>
<item key="BBD84BF2-C673-D383-11E3-185EC28547A3" value="true"/>
</engineerTo>
<nullsAllowed>true</nullsAllowed>
<use>0</use>
<ownDataTypeParameters>,,</ownDataTypeParameters>
</Attribute>
</attributes>
<identifiers itemClass="oracle.dbtools.crest.model.design.logical.CandidateKey">
<identifier id="85574645-967D-DFCB-3047-BA1E8B5A9236" name="Order PK">
<createdBy>alext</createdBy>
<createdTime>2022-04-14 13:03:33 UTC</createdTime>
<ownerDesignName>MultiDim</ownerDesignName>
<shouldEngineer>false</shouldEngineer>
<engineerTo>
<item key="BBD84BF2-C673-D383-11E3-185EC28547A3" value="false"/>
</engineerTo>
<pk>true</pk>
<usedAttributes>
<attributeRef>E177D3A0-9025-CC26-8D4F-9728FD5F9410</attributeRef>
</usedAttributes>
</identifier>
</identifiers>
</Entity>
