<?xml version = '1.0' encoding = 'UTF-8'?>
<RollupLink class="oracle.dbtools.crest.model.design.multidimensional.RollupLink" name="RollupLink_1" directorySegmentName="seg_0" id="B016A14F-4D5D-DB9A-BE8F-FF1316761775">
<createdBy>maxim</createdBy>
<createdTime>2022-06-09 01:59:32 UTC</createdTime>
<ownerDesignName>MultiDim</ownerDesignName>
<nameInOracleAW>ROLLUPLINK_1</nameInOracleAW>
<childLevel>5F5067B7-2745-63A2-3692-317EC036940B</childLevel>
<defaultAggregationOperator>SUM</defaultAggregationOperator>
<factEntity>A9A68F2E-9F08-74A2-473B-7CC3B2668ED4</factEntity>
<parentLevel>9DF07545-EB66-6810-DC2C-2586AE517C04</parentLevel>
<rolePlaying>false</rolePlaying>
<sparseDimension>false</sparseDimension>
<link class="oracle.dbtools.crest.model.design.multidimensional.Link" name="Link_1" id="494A80D3-4C6F-2038-4F30-86772AAE8083">
<createdBy>maxim</createdBy>
<createdTime>2022-06-09 01:59:32 UTC</createdTime>
<ownerDesignName>MultiDim</ownerDesignName>
<nameInOracleAW>LINK_1</nameInOracleAW>
<rollupLink>B016A14F-4D5D-DB9A-BE8F-FF1316761775</rollupLink>
<sourceMDObject>5F5067B7-2745-63A2-3692-317EC036940B</sourceMDObject>
<targetMDObject>9DF07545-EB66-6810-DC2C-2586AE517C04</targetMDObject>
</link>
<childToParentAttributes>
<joinAttribute>CBC1D7E0-76C2-4607-4A72-7E89B69CF0FD</joinAttribute>
</childToParentAttributes>
</RollupLink>
