<?xml version = '1.0' encoding = 'UTF-8'?>
<FKIndexAssociation class="oracle.dbtools.crest.model.design.relational.FKIndexAssociation" directorySegmentName="seg_0" id="14183A53-B5D5-27A0-24E4-6565D17CB72D" containerWithKeyObject="4455E5FD-A8C6-A71E-A3A8-1E10A4B6433F" localFKIndex="129308F4-EB70-113F-1C0B-34DD70AF033C" name="t_Journal_Warehouse_FK">
<createdBy>maxim</createdBy>
<createdTime>2022-05-13 02:35:29 UTC</createdTime>
<generatorID>62D9A45D-A910-2F8D-92C4-2E560491AC50</generatorID>
<ownerDesignName>MultiDim</ownerDesignName>
<referredTableLongName>Warehouse</referredTableLongName>
<deleteRule>NO ACTION</deleteRule>
<referredTableID>4026D6AA-1C7C-2D03-1ADD-935343F5E241</referredTableID>
<keyObject>7D0AE0DA-F3DB-BC65-4220-1707F4569A1C</keyObject>
<referredKeyID>7D0AE0DA-F3DB-BC65-4220-1707F4569A1C</referredKeyID>
<mandatory>true</mandatory>
<refColNames>id</refColNames>
<transferable>true</transferable>
<rely>false</rely>
<columnDependencyConstraintGenerateInDDL>true</columnDependencyConstraintGenerateInDDL>
</FKIndexAssociation>
