<?xml version = '1.0' encoding = 'UTF-8'?>
<FKIndexAssociation class="oracle.dbtools.crest.model.design.relational.FKIndexAssociation" directorySegmentName="seg_0" id="4FA4DD2F-417C-F3A6-E48F-DEA2D69FCA1F" containerWithKeyObject="F5FF8A5B-6C99-96D3-60F1-F34557CD6BE9" localFKIndex="444DFBC5-36AD-E00A-95C6-228D6497010C" name="t_Sale_Sale_FK">
<createdBy>maxim</createdBy>
<createdTime>2022-05-13 02:35:29 UTC</createdTime>
<generatorID>B0F34DE0-15DA-16F3-7BFB-09C8B080539D</generatorID>
<ownerDesignName>MultiDim</ownerDesignName>
<referredTableLongName>Sale</referredTableLongName>
<deleteRule>NO ACTION</deleteRule>
<referredTableID>75F77B7C-72A2-B59F-5A20-B041E1428FD8</referredTableID>
<keyObject>CD59C19D-BC29-9C57-4536-13034C6D0380</keyObject>
<referredKeyID>CD59C19D-BC29-9C57-4536-13034C6D0380</referredKeyID>
<mandatory>true</mandatory>
<refColNames>id</refColNames>
<transferable>true</transferable>
<rely>false</rely>
<columnDependencyConstraintGenerateInDDL>true</columnDependencyConstraintGenerateInDDL>
</FKIndexAssociation>
